PRAGMA foreign_keys=OFF;
BEGIN TRANSACTION;
CREATE TABLE IF NOT EXISTS "django_migrations" ("id" integer NOT NULL PRIMARY KEY AUTOINCREMENT, "app" varchar(255) NOT NULL, "name" varchar(255) NOT NULL, "applied" datetime NOT NULL);
INSERT INTO django_migrations VALUES(1,'contenttypes','0001_initial','2020-01-03 07:55:57.614096');
INSERT INTO django_migrations VALUES(2,'auth','0001_initial','2020-01-03 07:55:57.629736');
INSERT INTO django_migrations VALUES(3,'admin','0001_initial','2020-01-03 07:55:57.640152');
INSERT INTO django_migrations VALUES(4,'admin','0002_logentry_remove_auto_add','2020-01-03 07:55:57.652299');
INSERT INTO django_migrations VALUES(5,'admin','0003_logentry_add_action_flag_choices','2020-01-03 07:55:57.664593');
INSERT INTO django_migrations VALUES(6,'contenttypes','0002_remove_content_type_name','2020-01-03 07:55:57.685386');
INSERT INTO django_migrations VALUES(7,'auth','0002_alter_permission_name_max_length','2020-01-03 07:55:57.693352');
INSERT INTO django_migrations VALUES(8,'auth','0003_alter_user_email_max_length','2020-01-03 07:55:57.704119');
INSERT INTO django_migrations VALUES(9,'auth','0004_alter_user_username_opts','2020-01-03 07:55:57.714810');
INSERT INTO django_migrations VALUES(10,'auth','0005_alter_user_last_login_null','2020-01-03 07:55:57.725424');
INSERT INTO django_migrations VALUES(11,'auth','0006_require_contenttypes_0002','2020-01-03 07:55:57.727952');
INSERT INTO django_migrations VALUES(12,'auth','0007_alter_validators_add_error_messages','2020-01-03 07:55:57.738485');
INSERT INTO django_migrations VALUES(13,'auth','0008_alter_user_username_max_length','2020-01-03 07:55:57.751010');
INSERT INTO django_migrations VALUES(14,'auth','0009_alter_user_last_name_max_length','2020-01-03 07:55:57.761574');
INSERT INTO django_migrations VALUES(15,'auth','0010_alter_group_name_max_length','2020-01-03 07:55:57.770760');
INSERT INTO django_migrations VALUES(16,'auth','0011_update_proxy_permissions','2020-01-03 07:55:57.778135');
INSERT INTO django_migrations VALUES(17,'forum','0001_initial','2020-01-03 07:55:57.787522');
INSERT INTO django_migrations VALUES(18,'sessions','0001_initial','2020-01-03 07:55:57.791857');
INSERT INTO django_migrations VALUES(19,'forum','0002_auto_20200103_0815','2020-01-03 08:15:48.460221');
INSERT INTO django_migrations VALUES(20,'forum','0003_auto_20200103_0901','2020-01-03 09:01:19.099119');
INSERT INTO django_migrations VALUES(21,'forum','0002_auto_20200103_1016','2020-01-03 10:17:01.157662');
INSERT INTO django_migrations VALUES(22,'forum','0003_auto_20200103_1017','2020-01-03 10:17:52.130516');
INSERT INTO django_migrations VALUES(23,'forum','0004_auto_20200103_1020','2020-01-03 10:20:36.497601');
INSERT INTO django_migrations VALUES(24,'forum','0005_comment','2020-01-05 12:15:36.168818');
INSERT INTO django_migrations VALUES(25,'forum','0006_auto_20200106_0112','2020-01-06 01:12:23.904577');
INSERT INTO django_migrations VALUES(26,'forum','0007_auto_20200106_0113','2020-01-06 01:13:08.975964');
INSERT INTO django_migrations VALUES(27,'forum','0008_auto_20200106_0323','2020-01-06 03:23:22.994848');
CREATE TABLE IF NOT EXISTS "auth_group_permissions" ("id" integer NOT NULL PRIMARY KEY AUTOINCREMENT, "group_id" integer NOT NULL REFERENCES "auth_group" ("id") DEFERRABLE INITIALLY DEFERRED, "permission_id" integer NOT NULL REFERENCES "auth_permission" ("id") DEFERRABLE INITIALLY DEFERRED);
CREATE TABLE IF NOT EXISTS "auth_user_groups" ("id" integer NOT NULL PRIMARY KEY AUTOINCREMENT, "user_id" integer NOT NULL REFERENCES "auth_user" ("id") DEFERRABLE INITIALLY DEFERRED, "group_id" integer NOT NULL REFERENCES "auth_group" ("id") DEFERRABLE INITIALLY DEFERRED);
CREATE TABLE IF NOT EXISTS "auth_user_user_permissions" ("id" integer NOT NULL PRIMARY KEY AUTOINCREMENT, "user_id" integer NOT NULL REFERENCES "auth_user" ("id") DEFERRABLE INITIALLY DEFERRED, "permission_id" integer NOT NULL REFERENCES "auth_permission" ("id") DEFERRABLE INITIALLY DEFERRED);
CREATE TABLE IF NOT EXISTS "django_admin_log" ("id" integer NOT NULL PRIMARY KEY AUTOINCREMENT, "action_time" datetime NOT NULL, "object_id" text NULL, "object_repr" varchar(200) NOT NULL, "change_message" text NOT NULL, "content_type_id" integer NULL REFERENCES "django_content_type" ("id") DEFERRABLE INITIALLY DEFERRED, "user_id" integer NOT NULL REFERENCES "auth_user" ("id") DEFERRABLE INITIALLY DEFERRED, "action_flag" smallint unsigned NOT NULL CHECK ("action_flag" >= 0));
INSERT INTO django_admin_log VALUES(15,'2020-01-03 10:21:51.843747','1','New Events','[{"added": {}}]',9,2,1);
INSERT INTO django_admin_log VALUES(16,'2020-01-03 10:22:05.008754','2','Vipassana','[{"added": {}}]',9,2,1);
INSERT INTO django_admin_log VALUES(17,'2020-01-03 10:22:18.071018','3','Yoga','[{"added": {}}]',9,2,1);
INSERT INTO django_admin_log VALUES(18,'2020-01-03 10:22:25.135296','2','Vipassana','[{"changed": {"fields": ["Description"]}}]',9,2,2);
INSERT INTO django_admin_log VALUES(19,'2020-01-03 10:22:41.199749','4','Other Methods','[{"added": {}}]',9,2,1);
INSERT INTO django_admin_log VALUES(20,'2020-01-03 10:23:01.423830','5','Vipassana','[{"added": {}}]',9,2,1);
INSERT INTO django_admin_log VALUES(21,'2020-01-03 15:37:32.525054','2','Vipassana','',9,2,3);
CREATE TABLE IF NOT EXISTS "django_content_type" ("id" integer NOT NULL PRIMARY KEY AUTOINCREMENT, "app_label" varchar(100) NOT NULL, "model" varchar(100) NOT NULL);
INSERT INTO django_content_type VALUES(9,'forum','topic');
INSERT INTO django_content_type VALUES(10,'forum','post');
INSERT INTO django_content_type VALUES(11,'admin','logentry');
INSERT INTO django_content_type VALUES(12,'auth','permission');
INSERT INTO django_content_type VALUES(13,'auth','group');
INSERT INTO django_content_type VALUES(14,'auth','user');
INSERT INTO django_content_type VALUES(15,'contenttypes','contenttype');
INSERT INTO django_content_type VALUES(16,'sessions','session');
INSERT INTO django_content_type VALUES(17,'forum','comment');
CREATE TABLE IF NOT EXISTS "auth_permission" ("id" integer NOT NULL PRIMARY KEY AUTOINCREMENT, "content_type_id" integer NOT NULL REFERENCES "django_content_type" ("id") DEFERRABLE INITIALLY DEFERRED, "codename" varchar(100) NOT NULL, "name" varchar(255) NOT NULL);
INSERT INTO auth_permission VALUES(33,9,'add_topic','Can add topic');
INSERT INTO auth_permission VALUES(34,9,'change_topic','Can change topic');
INSERT INTO auth_permission VALUES(35,9,'delete_topic','Can delete topic');
INSERT INTO auth_permission VALUES(36,9,'view_topic','Can view topic');
INSERT INTO auth_permission VALUES(37,10,'add_post','Can add post');
INSERT INTO auth_permission VALUES(38,10,'change_post','Can change post');
INSERT INTO auth_permission VALUES(39,10,'delete_post','Can delete post');
INSERT INTO auth_permission VALUES(40,10,'view_post','Can view post');
INSERT INTO auth_permission VALUES(41,11,'add_logentry','Can add log entry');
INSERT INTO auth_permission VALUES(42,11,'change_logentry','Can change log entry');
INSERT INTO auth_permission VALUES(43,11,'delete_logentry','Can delete log entry');
INSERT INTO auth_permission VALUES(44,11,'view_logentry','Can view log entry');
INSERT INTO auth_permission VALUES(45,12,'add_permission','Can add permission');
INSERT INTO auth_permission VALUES(46,12,'change_permission','Can change permission');
INSERT INTO auth_permission VALUES(47,12,'delete_permission','Can delete permission');
INSERT INTO auth_permission VALUES(48,12,'view_permission','Can view permission');
INSERT INTO auth_permission VALUES(49,13,'add_group','Can add group');
INSERT INTO auth_permission VALUES(50,13,'change_group','Can change group');
INSERT INTO auth_permission VALUES(51,13,'delete_group','Can delete group');
INSERT INTO auth_permission VALUES(52,13,'view_group','Can view group');
INSERT INTO auth_permission VALUES(53,14,'add_user','Can add user');
INSERT INTO auth_permission VALUES(54,14,'change_user','Can change user');
INSERT INTO auth_permission VALUES(55,14,'delete_user','Can delete user');
INSERT INTO auth_permission VALUES(56,14,'view_user','Can view user');
INSERT INTO auth_permission VALUES(57,15,'add_contenttype','Can add content type');
INSERT INTO auth_permission VALUES(58,15,'change_contenttype','Can change content type');
INSERT INTO auth_permission VALUES(59,15,'delete_contenttype','Can delete content type');
INSERT INTO auth_permission VALUES(60,15,'view_contenttype','Can view content type');
INSERT INTO auth_permission VALUES(61,16,'add_session','Can add session');
INSERT INTO auth_permission VALUES(62,16,'change_session','Can change session');
INSERT INTO auth_permission VALUES(63,16,'delete_session','Can delete session');
INSERT INTO auth_permission VALUES(64,16,'view_session','Can view session');
INSERT INTO auth_permission VALUES(65,17,'add_comment','Can add comment');
INSERT INTO auth_permission VALUES(66,17,'change_comment','Can change comment');
INSERT INTO auth_permission VALUES(67,17,'delete_comment','Can delete comment');
INSERT INTO auth_permission VALUES(68,17,'view_comment','Can view comment');
CREATE TABLE IF NOT EXISTS "auth_user" ("id" integer NOT NULL PRIMARY KEY AUTOINCREMENT, "password" varchar(128) NOT NULL, "last_login" datetime NULL, "is_superuser" bool NOT NULL, "username" varchar(150) NOT NULL UNIQUE, "first_name" varchar(30) NOT NULL, "email" varchar(254) NOT NULL, "is_staff" bool NOT NULL, "is_active" bool NOT NULL, "date_joined" datetime NOT NULL, "last_name" varchar(150) NOT NULL);
INSERT INTO auth_user VALUES(2,'pbkdf2_sha256$180000$5U4ohLpvlctz$PBl9vBvZaYJpcTRmKUwNUCTjwG+6gO5eQcFoIZ87yWU=','2020-01-06 17:26:23.182348',1,'admin','','',1,1,'2020-01-03 10:12:39.848467','');
INSERT INTO auth_user VALUES(3,'pbkdf2_sha256$180000$edvd6HPKpkr5$HaBN7skD8/EfqUW1I5zLlUQzff9+FkmULZsEsdKIHFo=','2020-02-02 12:00:19.275388',0,'saxonlee','','',0,1,'2020-01-03 15:46:56.769871','');
CREATE TABLE IF NOT EXISTS "auth_group" ("id" integer NOT NULL PRIMARY KEY AUTOINCREMENT, "name" varchar(150) NOT NULL UNIQUE);
CREATE TABLE IF NOT EXISTS "django_session" ("session_key" varchar(40) NOT NULL PRIMARY KEY, "session_data" text NOT NULL, "expire_date" datetime NOT NULL);
INSERT INTO django_session VALUES('8ax3gh2biom5fhyl29jsa6apqgsobrfu','ZWM1ZjQ3MTk3YmI4M2UzYjkzYmIzZTZkZjE4ZGRiOTMxNTJmYTEwMjp7Il9hdXRoX3VzZXJfaWQiOiIyIiwiX2F1dGhfdXNlcl9iYWNrZW5kIjoiZGphbmdvLmNvbnRyaWIuYXV0aC5iYWNrZW5kcy5Nb2RlbEJhY2tlbmQiLCJfYXV0aF91c2VyX2hhc2giOiIwZWVkNjQ5YzE0OWU1NzFjZTM2ZjM5ODRlYjUyMTIwMDkzMTVkODZlIn0=','2020-01-20 16:48:47.049708');
CREATE TABLE IF NOT EXISTS "forum_post" ("id" integer NOT NULL PRIMARY KEY AUTOINCREMENT, "title" varchar(200) NOT NULL, "content" text NOT NULL, "author_id" integer NOT NULL REFERENCES "auth_user" ("id") DEFERRABLE INITIALLY DEFERRED, "topic_id" integer NOT NULL REFERENCES "forum_topic" ("id") DEFERRABLE INITIALLY DEFERRED, "date_added" datetime NULL);
INSERT INTO forum_post VALUES(1,'Buddhist Text',replace(replace('Lorem ipsum dolor sit amet, consectetur adipiscing elit, sed do eiusmod tempor incididunt ut labore et dolore magna aliqua. Urna et pharetra pharetra massa massa. Pharetra pharetra massa massa ultricies mi quis hendrerit. Nunc mattis enim ut tellus elementum sagittis. In nisl nisi scelerisque eu ultrices. Aliquam sem et tortor consequat id porta nibh. Aliquet nibh praesent tristique magna sit amet purus gravida quis. Vitae suscipit tellus mauris a diam maecenas sed. Id nibh tortor id aliquet lectus proin nibh. Mauris sit amet massa vitae tortor condimentum. Diam quis enim lobortis scelerisque fermentum. Purus sit amet volutpat consequat mauris nunc congue nisi vitae. Lectus sit amet est placerat in egestas. In nibh mauris cursus mattis.\r\n\r\nLuctus accumsan tortor posuere ac ut. Nunc sed velit dignissim sodales ut. Urna condimentum mattis pellentesque id nibh. Ut etiam sit amet nisl purus. Accumsan sit amet nulla facilisi morbi tempus iaculis. Et malesuada fames ac turpis egestas maecenas. Et netus et malesuada fames. Quis commodo odio aenean sed adipiscing diam donec adipiscing. Consectetur a erat nam at lectus urna duis. A lacus vestibulum sed arcu non odio euismod. Hac habitasse platea dictumst quisque. Scelerisque felis imperdiet proin fermentum leo. Amet nisl purus in mollis nunc sed id semper risus. Duis convallis convallis tellus id interdum velit laoreet id donec.Lorem ipsum dolor sit amet, consectetur adipiscing elit, sed do eiusmod tempor incididunt ut labore et dolore magna aliqua. Urna et pharetra pharetra massa massa. Pharetra pharetra massa massa ultricies mi quis hendrerit. Nunc mattis enim ut tellus elementum sagittis. In nisl nisi scelerisque eu ultrices. Aliquam sem et tortor consequat id porta nibh. Aliquet nibh praesent tristique magna sit amet purus gravida quis. Vitae suscipit tellus mauris a diam maecenas sed. Id nibh tortor id aliquet lectus proin nibh. Mauris sit amet massa vitae tortor condimentum. Diam quis enim lobortis scelerisque fermentum. Purus sit amet volutpat consequat mauris nunc congue nisi vitae. Lectus sit amet est placerat in egestas. In nibh mauris cursus mattis.\r\n\r\nLuctus accumsan tortor posuere ac ut. Nunc sed velit dignissim sodales ut. Urna condimentum mattis pellentesque id nibh. Ut etiam sit amet nisl purus. Accumsan sit amet nulla facilisi morbi tempus iaculis. Et malesuada fames ac turpis egestas maecenas. Et netus et malesuada fames. Quis commodo odio aenean sed adipiscing diam donec adipiscing. Consectetur a erat nam at lectus urna duis. A lacus vestibulum sed arcu non odio euismod. Hac habitasse platea dictumst quisque. Scelerisque felis imperdiet proin fermentum leo. Amet nisl purus in mollis nunc sed id semper risus. Duis convallis convallis tellus id interdum velit laoreet id donec.Lorem ipsum dolor sit amet, consectetur adipiscing elit, sed do eiusmod tempor incididunt ut labore et dolore magna aliqua. Urna et pharetra pharetra massa massa. Pharetra pharetra massa massa ultricies mi quis hendrerit. Nunc mattis enim ut tellus elementum sagittis. In nisl nisi scelerisque eu ultrices. Aliquam sem et tortor consequat id porta nibh. Aliquet nibh praesent tristique magna sit amet purus gravida quis. Vitae suscipit tellus mauris a diam maecenas sed. Id nibh tortor id aliquet lectus proin nibh. Mauris sit amet massa vitae tortor condimentum. Diam quis enim lobortis scelerisque fermentum. Purus sit amet volutpat consequat mauris nunc congue nisi vitae. Lectus sit amet est placerat in egestas. In nibh mauris cursus mattis.\r\n\r\nLuctus accumsan tortor posuere ac ut. Nunc sed velit dignissim sodales ut. Urna condimentum mattis pellentesque id nibh. Ut etiam sit amet nisl purus. Accumsan sit amet nulla facilisi morbi tempus iaculis. Et malesuada fames ac turpis egestas maecenas. Et netus et malesuada fames. Quis commodo odio aenean sed adipiscing diam donec adipiscing. Consectetur a erat nam at lectus urna duis. A lacus vestibulum sed arcu non odio euismod. Hac habitasse platea dictumst quisque. Scelerisque felis imperdiet proin fermentum leo. Amet nisl purus in mollis nunc sed id semper risus. Duis convallis convallis tellus id interdum velit laoreet id donec.','\r',char(13)),'\n',char(10)),2,5,'2020-01-03 10:28:34.215968');
INSERT INTO forum_post VALUES(2,'Origin','At varius vel pharetra vel turpis. Arcu ac tortor dignissim convallis. Sit amet justo donec enim diam vulputate. Enim neque volutpat ac tincidunt vitae semper quis lectus. Amet porttitor eget dolor morbi non arcu risus. Vitae congue eu consequat ac felis donec et odio. Semper feugiat nibh sed pulvinar proin. Vestibulum morbi blandit cursus risus at. Sit amet mattis vulputate enim nulla aliquet porttitor. Sapien nec sagittis aliquam malesuada bibendum arcu vitae elementum curabitur. Imperdiet proin fermentum leo vel orci. Egestas purus viverra accumsan in. Egestas fringilla phasellus faucibus scelerisque. Est ullamcorper eget nulla facilisi etiam. Blandit massa enim nec dui nunc mattis enim. Ullamcorper sit amet risus nullam eget felis eget nunc lobortis.',2,5,'2020-01-03 14:53:09.819417');
INSERT INTO forum_post VALUES(3,'Method','Bibendum arcu vitae elementum curabitur vitae nunc. Morbi blandit cursus risus at ultrices mi. Eu lobortis elementum nibh tellus molestie nunc non blandit massa. Volutpat est velit egestas dui. Ultrices eros in cursus turpis massa tincidunt. Dui nunc mattis enim ut tellus elementum sagittis vitae et. Volutpat maecenas volutpat blandit aliquam etiam erat velit scelerisque in. Laoreet suspendisse interdum consectetur libero. Lacus vel facilisis volutpat est velit. Viverra mauris in aliquam sem fringilla ut morbi tincidunt augue. Eget dolor morbi non arcu. Venenatis urna cursus eget nunc scelerisque viverra. Integer enim neque volutpat ac tincidunt. Mauris nunc congue nisi vitae suscipit tellus mauris a. Magna fermentum iaculis eu non diam phasellus vestibulum lorem. Sit amet tellus cras adipiscing enim eu turpis. Id faucibus nisl tincidunt eget.',2,5,'2020-01-03 14:53:40.940091');
INSERT INTO forum_post VALUES(4,'Courses','The technique of Vipassana Meditation is taught at ten-day residential courses during which participants learn the basics of the method, and practice sufficiently to experience its beneficial results. There are no charges for the courses - not even to cover the cost of food and accommodation. All expenses are met by donations from people who, having completed a course and experienced the benefits of Vipassana, wish to give others the opportunity to also benefit.',2,5,'2020-01-03 14:55:00.954852');
INSERT INTO forum_post VALUES(5,'Overall','Vipassanā (Pāli) or vipaśyanā (Sanskrit) literally, "special-seeing", "special (Vi), seeing (Passanā)", sometimes translated as "insight", is one of two qualities of mind which is developed (bhāvanā) in Buddhist meditation, the other being samatha (mind calming). It is often defined as a form of meditation that seeks "insight into the true nature of reality", defined as anicca "impermanence", dukkha "suffering, unsatisfactoriness", anattā "non-self", the three marks of existence in the Theravada tradition, and as śūnyatā',2,5,'2020-01-03 14:55:16.344524');
INSERT INTO forum_post VALUES(6,'Overall','Meditation as method One approach is to think of meditation as instrumental, a method, a discipline that allows us to cultivate, refine, and deepen our capacity to pay attention and to dwell in present-moment awareness.',2,4,'2020-01-03 14:56:12.426423');
INSERT INTO forum_post VALUES(7,'5 Techniques',replace(replace('Basic Meditation\r\nThis involves sitting in a comfortable position and trying to quiet your mind by thinking of nothing. It’s not always easy to do if you don’t already practice it. But a good way to begin is to think of yourself as an "observer of your thoughts," noticing what the narrative voice in your head says but not engaging it. As thoughts materialize in your mind, just let them go.\r\n\r\n4 Steps to Start a Basic Meditation Practice\r\nFocused Meditation\r\nWith focused meditation, you focus on something with intention without engaging your thoughts on it. You can zero in on something visual, like a statue; something auditory, like a metronome or recording of ocean waves; something constant, like your own breathing; or a simple concept, like "unconditional compassion."\r\n\r\nSome people find it easier to do this than to focus on nothing, but the idea is the same—staying in the present moment, circumventing the constant stream of commentary from your conscious mind, and allowing yourself to slip into an altered state of consciousness.','\r',char(13)),'\n',char(10)),2,4,'2020-01-03 14:57:12.904779');
INSERT INTO forum_post VALUES(9,'Introduction','Imagine an activity that increases your flexibility, strengthens your muscles, centers your thoughts, and relaxes and calms you. Yoga does all that and more! In this article, I will review a brief history and the philosophy of yoga, the different types of yoga, the benefits, equipment you need to do it, where to do it, how to get started, and a whole lot more.',3,3,'2020-01-03 15:52:17.861089');
INSERT INTO forum_post VALUES(10,'What is yoga?','Yoga is an ancient physical and spiritual discipline and branch of philosophy that originated in India reportedly more than 5,000 years ago. The word yoga comes from the Sanskrit word yuj, which means to yoke, join, or unite. The Iyengar school of yoga defines yuj as the "joining or integrating of all aspects of the individual - body with mind and mind with soul - to achieve a happy, balanced and useful life." The ultimate aim of yoga, they claim, is to reach kaivalya (emancipation or ultimate freedom).',3,3,'2020-01-03 15:52:30.933125');
INSERT INTO forum_post VALUES(11,'Who invented yoga?','There is no written record of who invented yoga because it was practiced by yogis (yoga practitioners) long before any written account of it could have come into existence. Yogis over the millennia passed down the discipline to their students, and many different schools of yoga developed as it spread. The earliest written record of yoga, and one of the oldest texts in existence, is generally believed to have been written by Patanjali, an Indian yogic sage who lived somewhere between 2,000 and 2,500 years ago. Patanjali is credited with writing the Yoga Sutras (sutra means "thread" in Sanskrit), which are the principles, philosophy, and practices of yoga that are still followed today. Although many schools of yoga have evolved over the centuries, they all follow these same fundamental principles. Buddhism and other Eastern spiritual traditions use many of the yoga techniques or derivations of those techniques.',3,3,'2020-01-03 15:52:48.959485');
INSERT INTO forum_post VALUES(12,'How does yoga work?',replace(replace('Yoga uses asanas (postures), focused concentration on specific body parts, and pranayama (breathing techniques) to integrate the body with mind and mind with soul.\r\n\r\nThe body\r\nYoga asanas (postures or poses) help condition your body. There are thousands of yoga poses, and in Sanskrit, these poses are called kriyas (actions), mudras (seals), and bandhas (locks). A kriya focuses on the effort necessary to move energy up and down the spine; yoga mudra is a gesture or movement to hold energy or concentrate awareness; and a bandha uses the technique of holding muscular contractions to focus awareness.\r\n\r\nThe mind\r\nYoga focuses on the mind by teaching you to concentrate on specific parts of the body. For instance, you may be asked by the instructor to focus deeply on your spine, or let your mind go and have your body sink into the floor. This awareness keeps the mind-body connection sharp and doesn''t allow a lot of time for external chatter (like worrying about what you''re going to have for dinner or the presentation at the office that you''re preparing for). Instead, the focus is internal, between your head and your body. An example is savasana (the corpse pose), which is practiced by virtually all schools of yoga. During savasana, you lie on your back with your eyes closed and just let your entire body sink into the floor. The idea is to not fight any thoughts you have, but to let them come and go while the instructor leads you through visual imagery to help you focus on how your muscles feel. The desired and often obtained result is to drift into a peaceful, calm, and relaxing state. Savasana is generally the final pose of a yoga session before final chanting and/or breathing exercises.\r\n\r\nThe spirit\r\nYoga uses controlled breathing as a way to merge the mind, body, and spirit. The breathing techniques are called pranayamas; prana means energy or life force, and yama means social ethics. It is believed that the controlled breathing of pranayamas will control the energy flow in your body. It is my experience that controlled breathing helps me focus on muscles that are working, and during savasana, it slows down my heart rate, calms my mind, and leads to a deep, inner calm and sense of relaxation.','\r',char(13)),'\n',char(10)),3,3,'2020-01-03 15:53:31.034617');
INSERT INTO forum_post VALUES(13,'Feb. 10th 2020 Gathering Location',replace(replace('VA Center Hours & Location:\r\n\r\nMon-Thurs: 7pm-8pm\r\n\r\nSat: 11:00am-12:00pm\r\n\r\n14080 Sullyfield Cir., \r\n\r\nChantilly, VA 20151','\r',char(13)),'\n',char(10)),3,1,'2020-01-03 15:55:25.093698');
INSERT INTO forum_post VALUES(14,'Summer Event',replace(replace('MD Center Hours & Location:\r\n\r\n​\r\n\r\nTue: 6:30pm  Thur: 7pm\r\n\r\nSat: 3:30 pm\r\n\r\nSun: 11:30am-12:00pm(advance meditation)\r\n\r\n4915 Saint Elmo Ave, Suite#108\r\n\r\nBethesda, MD 20814','\r',char(13)),'\n',char(10)),3,1,'2020-01-03 15:55:45.893574');
INSERT INTO forum_post VALUES(15,'Some other techniques',replace(replace('Lorem ipsum dolor sit amet, consectetur adipiscing elit, sed do eiusmod tempor incididunt ut labore et dolore magna aliqua. Pretium aenean pharetra magna ac placerat vestibulum lectus mauris. Diam quam nulla porttitor massa id neque aliquam. Neque aliquam vestibulum morbi blandit cursus. Tincidunt arcu non sodales neque sodales. Enim ut tellus elementum sagittis vitae et leo duis ut. Cursus mattis molestie a iaculis at erat pellentesque adipiscing. Sed libero enim sed faucibus. Sit amet commodo nulla facilisi. Sed augue lacus viverra vitae congue eu consequat ac felis. Sed ullamcorper morbi tincidunt ornare. Nulla porttitor massa id neque aliquam vestibulum morbi blandit cursus. Consectetur adipiscing elit ut aliquam purus sit amet luctus venenatis. Faucibus vitae aliquet nec ullamcorper sit. Quisque egestas diam in arcu cursus. Egestas pretium aenean pharetra magna ac. Orci sagittis eu volutpat odio facilisis mauris sit amet. Viverra orci sagittis eu volutpat odio facilisis mauris.\r\n\r\nVitae purus faucibus ornare suspendisse sed nisi lacus sed. Sed nisi lacus sed viverra tellus. Parturient montes nascetur ridiculus mus mauris vitae. Bibendum arcu vitae elementum curabitur vitae nunc. Accumsan sit amet nulla facilisi morbi. Ut consequat semper viverra nam. Euismod nisi porta lorem mollis aliquam ut porttitor leo a. Eleifend quam adipiscing vitae proin sagittis nisl rhoncus mattis. Rhoncus aenean vel elit scelerisque mauris. Ac orci phasellus egestas tellus rutrum. Purus in mollis nunc sed id semper risus in. Volutpat odio facilisis mauris sit amet massa vitae tortor condimentum. Eu volutpat odio facilisis mauris sit amet massa vitae. Eget magna fermentum iaculis eu non. Cursus metus aliquam eleifend mi in nulla posuere sollicitudin aliquam.\r\n\r\nLorem ipsum dolor sit amet consectetur adipiscing. Donec enim diam vulputate ut pharetra sit amet aliquam. Nunc aliquet bibendum enim facilisis gravida neque. Ipsum dolor sit amet consectetur. Velit egestas dui id ornare arcu odio ut sem nulla. Pretium lectus quam id leo in. Neque sodales ut etiam sit amet nisl purus. Ut consequat semper viverra nam libero justo laoreet sit amet. Varius quam quisque id diam vel. Posuere ac ut consequat semper. Tortor consequat id porta nibh venenatis cras. Feugiat vivamus at augue eget arcu. Leo duis ut diam quam. Ut tristique et egestas quis ipsum. Tellus rutrum tellus pellentesque eu tincidunt tortor aliquam nulla facilisi. Et malesuada fames ac turpis egestas integer eget.','\r',char(13)),'\n',char(10)),3,4,'2020-01-05 03:12:53.542608');
CREATE TABLE IF NOT EXISTS "forum_topic" ("id" integer NOT NULL PRIMARY KEY AUTOINCREMENT, "name" varchar(50) NOT NULL, "description" varchar(200) NOT NULL, "date_added" datetime NULL);
INSERT INTO forum_topic VALUES(1,'New Events','Meditation events are organised by the community...','2020-01-03 10:21:51.842785');
INSERT INTO forum_topic VALUES(3,'Yoga','A method of meditation through breathes and the movement of the body','2020-01-03 10:22:18.070242');
INSERT INTO forum_topic VALUES(4,'Other Methods','Massa eget egestas purus viverra accumsan in nisl nisi scelerisque. Mauris nunc congue nisi vitae suscipit tellus mauris a. Porttitor rhoncus dolor purus non enim praesent.','2020-01-03 10:22:41.198942');
INSERT INTO forum_topic VALUES(5,'Vipassana','A method of meditation which teaches one to look inwardly','2020-01-03 10:23:01.423233');
CREATE TABLE IF NOT EXISTS "forum_comment" ("id" integer NOT NULL PRIMARY KEY AUTOINCREMENT, "content" text NOT NULL, "date_added" datetime NULL, "author_id" integer NOT NULL REFERENCES "auth_user" ("id") DEFERRABLE INITIALLY DEFERRED, "post_id" integer NOT NULL REFERENCES "forum_post" ("id") DEFERRABLE INITIALLY DEFERRED);
INSERT INTO forum_comment VALUES(1,'Luctus accumsan tortor posuere ac ut. Nunc sed velit dignissim sodales ut. Urna condimentum mattis pellentesque id nibh. Ut etiam sit amet nisl purus. Accumsan sit amet nulla facilisi morbi tempus iaculis. Et malesuada fames ac turpis egestas maecenas. Et netus et malesuada fames. Quis commodo odio aenean sed adipiscing diam donec adipiscing. Consectetur a erat nam at lectus urna duis.','2020-01-05 12:31:39.101807',3,1);
INSERT INTO forum_comment VALUES(18,'Venenatis urna cursus eget nunc scelerisque viverra. Integer enim neque volutpat ac tincidunt.','2020-01-05 14:17:17.619329',3,3);
INSERT INTO forum_comment VALUES(27,'There are no charges for the courses - not even to cover the cost of food and accommodation. (edited)','2020-01-05 14:36:31.753510',3,4);
INSERT INTO forum_comment VALUES(28,'I love Viipassana. It helped me a lot!','2020-01-05 14:37:51.673699',3,5);
INSERT INTO forum_comment VALUES(29,'Yoga does all that and more! In this article, I will review a brief history and the philosophy of yoga','2020-01-05 14:49:50.815498',3,9);
INSERT INTO forum_comment VALUES(30,'Yoga focuses on the mind by teaching you to concentrate on specific parts of the body. For instance, you may be asked by the instructor to focus deeply on your spine, or let your mind go and have your body sink into the floor.','2020-01-05 14:50:33.627879',3,12);
INSERT INTO forum_comment VALUES(31,'All expenses are met by donations from people who, having completed a course and experienced the benefits of Vipassana, wish to give others the opportunity to also benefit.','2020-01-06 01:12:49.946430',3,4);
INSERT INTO forum_comment VALUES(32,'Vipassana Meditation is taught at ten-day residential courses during which participants learn the basics of the method, and practice sufficiently to experience its beneficial results.','2020-01-06 01:16:00.585873',2,4);
INSERT INTO forum_comment VALUES(34,'Ut etiam sit amet nisl purus. Accumsan sit amet nulla facilisi morbi tempus iaculis. Et malesuada fames ac turpis egestas maecenas. Et netus et malesuada fames. Quis commodo odio aenean sed adipiscing diam donec adipiscing. Consectetur a erat nam at lectus urna duis.','2020-01-06 03:27:29.386502',2,1);
INSERT INTO forum_comment VALUES(36,'abc','2020-01-06 14:50:15.448007',3,10);
DELETE FROM sqlite_sequence;
INSERT INTO sqlite_sequence VALUES('django_migrations',27);
INSERT INTO sqlite_sequence VALUES('django_admin_log',21);
INSERT INTO sqlite_sequence VALUES('django_content_type',17);
INSERT INTO sqlite_sequence VALUES('auth_permission',68);
INSERT INTO sqlite_sequence VALUES('auth_user',3);
INSERT INTO sqlite_sequence VALUES('auth_group',0);
INSERT INTO sqlite_sequence VALUES('forum_post',18);
INSERT INTO sqlite_sequence VALUES('forum_topic',5);
INSERT INTO sqlite_sequence VALUES('forum_comment',36);
CREATE UNIQUE INDEX "auth_group_permissions_group_id_permission_id_0cd325b0_uniq" ON "auth_group_permissions" ("group_id", "permission_id");
CREATE INDEX "auth_group_permissions_group_id_b120cbf9" ON "auth_group_permissions" ("group_id");
CREATE INDEX "auth_group_permissions_permission_id_84c5c92e" ON "auth_group_permissions" ("permission_id");
CREATE UNIQUE INDEX "auth_user_groups_user_id_group_id_94350c0c_uniq" ON "auth_user_groups" ("user_id", "group_id");
CREATE INDEX "auth_user_groups_user_id_6a12ed8b" ON "auth_user_groups" ("user_id");
CREATE INDEX "auth_user_groups_group_id_97559544" ON "auth_user_groups" ("group_id");
CREATE UNIQUE INDEX "auth_user_user_permissions_user_id_permission_id_14a6b632_uniq" ON "auth_user_user_permissions" ("user_id", "permission_id");
CREATE INDEX "auth_user_user_permissions_user_id_a95ead1b" ON "auth_user_user_permissions" ("user_id");
CREATE INDEX "auth_user_user_permissions_permission_id_1fbb5f2c" ON "auth_user_user_permissions" ("permission_id");
CREATE INDEX "django_admin_log_content_type_id_c4bce8eb" ON "django_admin_log" ("content_type_id");
CREATE INDEX "django_admin_log_user_id_c564eba6" ON "django_admin_log" ("user_id");
CREATE UNIQUE INDEX "django_content_type_app_label_model_76bd3d3b_uniq" ON "django_content_type" ("app_label", "model");
CREATE UNIQUE INDEX "auth_permission_content_type_id_codename_01ab375a_uniq" ON "auth_permission" ("content_type_id", "codename");
CREATE INDEX "auth_permission_content_type_id_2f476e4b" ON "auth_permission" ("content_type_id");
CREATE INDEX "django_session_expire_date_a5c62663" ON "django_session" ("expire_date");
CREATE INDEX "forum_post_author_id_609b7963" ON "forum_post" ("author_id");
CREATE INDEX "forum_post_topic_id_68b61f28" ON "forum_post" ("topic_id");
CREATE INDEX "forum_comment_author_id_9e60eecd" ON "forum_comment" ("author_id");
CREATE INDEX "forum_comment_post_id_eb329692" ON "forum_comment" ("post_id");
COMMIT;
